,x,y
0,3.528104691935328,-8.954665611936756
1,0.8003144167344466,3.86902497859262
2,1.9574759682114784,-5.1080513756887305
3,4.481786398402916,-11.806321841224122
4,3.735115980299935,-0.2818222833865487
5,-1.954555759752822,4.283318705304176
6,1.9001768350511787,0.6651722238316788
7,-0.3027144165953958,3.024718977397814
8,-0.2064377035871157,-6.343220936809636
9,0.8211970038767447,-3.627411659871381
10,0.288087142321756,-6.72460447775951
11,2.90854701392595,-3.595531615405413
12,1.5220754502939868,-8.13146282044454
13,0.24335003298565683,-17.26282602331677
14,0.8877264654908513,1.7742614225375284
15,0.6673486547485337,-4.017809362082619
16,2.9881581463152123,-16.301983469660446
17,-0.41031652753160175,4.627822555257742
18,0.6261354033018027,-9.072983643832423
19,-1.7081914786034496,0.5194539579613895
20,-5.105979631668157,7.2909056217753685
21,1.3072371908807212,1.2898291075741066
22,1.7288723977190115,11.394006845433006
23,-1.4843300408128839,-12.348258203536526
24,4.539509247975215,4.02341641177549
25,-2.9087313491975295,-6.848100909403132
26,0.09151703460289214,-8.707971491818817
27,-0.3743677000516672,-5.788496647644155
28,3.065558428716915,-3.1155253212737266
29,2.93871753980057,0.5616534222974544
30,0.3098948513938326,-11.651498407833564
31,0.7563250392043471,9.008264869541872
32,-1.7755714952602255,4.656624397304599
33,-3.961592936447854,-15.362436862772238
34,-0.6958242986523052,14.882521937955996
35,0.3126979382079601,18.958891760305832
36,2.4605813614554415,11.787795711596507
37,2.4047596975688226,-1.799248358123509
38,-0.7746536348159045,-10.707526215105425
39,-0.6046055011506711,10.544517269311367
40,-2.0971059301341852,-4.031769469731796
41,-2.8400358743579504,12.224450703824274
42,-3.4125403812500252,2.082749780768603
43,3.9015507904635793,9.766390364837127
44,-1.019304363503307,3.5636639717440186
45,-0.8761486032223728,7.065731681919481
46,-2.5055907200998524,0.10500020720820478
47,1.5549807116638201,17.858704939058352
48,-3.227795695115903,1.2691209270361992
49,-0.4254805604279374,4.019893634447016
50,-1.2266216593966155,-30.234490207964992
51,-0.9443684908242939,-3.865497785770134
52,-0.050603540961665895,43.92949375571948
53,0.8235041539637314,72.14705955132833
54,-1.3065268517353166,-21.942488048331928
55,-0.9962126403710662,-4.021749712782206
56,-0.9711045704444846,-9.372776907988749
57,-1.4240609089825316,-26.8188600591611
58,-0.18505367100934153,34.65581345720752
59,-0.5189002044248521,14.310516609958146
60,0.46616642603403075,59.14339246486027
61,-1.4617326882614081,-32.63720343549798
62,-0.964606424206264,-2.426149034866132
63,0.18333919925760125,49.56232494532315
64,0.15670385527236397,47.49268535539064
65,-1.794229271489721,-45.541071406931316
66,1.8227236001279594,133.75298450777908
67,0.38141625420917086,81.37969878483645
68,-0.31197610791621294,20.540102536448977
69,-0.23346666154369272,32.19737316588759
70,-0.7537044661806008,-1.544338501903125
71,0.8952602728899299,78.41286387388747
72,-0.04225715166064269,34.547631622687206
73,1.4229834965161061,120.28117266716535
74,-0.3948495140334503,26.62077804636288
75,-0.38687084685064654,19.01114392219628
76,-0.4700328827008748,14.318807046103075
77,0.6252314510271875,64.74693949176547
78,-0.21954102833121325,43.939576689242834
79,0.6350314368921064,60.26477489575082
80,-0.5914026678081108,16.321978347954865
81,0.7714059486768455,103.02420020136087
82,2.0644928613593194,147.9418107336458
83,2.383144774863942,156.25949119741153
84,-1.0481704068254731,4.95434242201317
85,-0.6522935999350191,7.113998821027696
86,-0.41004969320254847,40.36672448123174
87,-1.4718350074635869,-29.029395207441304
88,0.7717905512136674,75.52483052601309
89,-0.852585847170647,-4.957724832258524
90,-1.2406245995562275,5.292910923733022
91,0.0875512413851909,58.63342177140959
92,-0.3193284171450952,31.940504496305934
93,1.0201727117157997,88.71404989906202
94,0.5898798207345195,82.51857614478605
95,0.8214059370248112,92.55321957878698
96,-0.38487980918127546,15.467660325915821
97,0.16092816829822298,50.29143525128682
98,0.37642553115562943,50.92740110569398
99,-0.36505521654625767,16.252687816147642
100,0.8002979493400275,88.39609283714611
101,-0.1098827793093138,21.5480965848572
102,0.7010413411650971,88.33979160580975
103,-1.936279805846507,-68.42264423227564
104,0.6915387510701866,83.81157410752559
105,1.7358789976857132,127.01602572379761
106,0.02135122384354861,50.2992320998361
107,-0.07392466628041514,45.46924616074494
108,0.47224715008784873,59.2992730189994
109,-0.06964157844693558,39.27885787444729
110,-1.0840366206719345,-19.27453181833326
111,0.40520408032288807,53.2184319625898
112,0.9688826385630508,92.43200958179672
113,1.9295320538169858,149.12019679742386
114,0.681594518281627,81.84343937195347
115,-0.0902438496657506,48.218803622130245
116,-0.14456681693373594,46.78736703921783
117,-0.6634782863621074,-1.1463759992002664
118,-1.0314824603152577,-3.685778798075143
119,0.6119271927311578,76.57174961377093
120,-0.6280875596415789,18.41280600348775
121,0.6799748442451024,77.95350564368692
122,0.42625873077810095,57.98830379752612
123,0.01747915902505673,40.889677372714544
124,-2.369586905226603,-65.721501543681
125,-1.7815628557055914,-39.430048136477026
126,1.4350493867891545,123.46229776957406
127,-0.7290446587946957,18.178568378510583
128,-1.0342428417844647,-13.995686142640631
129,-1.5407970144446248,-25.966885008603555
130,-1.159420516399913,-15.623185277578905
131,0.9222066715665268,95.93092813375252
132,-2.004215715498915,-59.98962981833901
133,-1.601836048972537,-39.60258333743375
134,1.7426687806556311,147.32062163720641
135,1.2760753460061875,135.3220300419889
136,0.8801789120807822,82.87257733644635
137,-1.2928569097234486,-20.945565053731222
138,-0.7886692545093662,4.5703161871155205
139,-0.09815038964295794,56.00519262414288
140,-1.6615982911145637,-14.533433819133688
141,0.967446150050235,99.14842829745834
142,-0.43782004474443403,16.005939675408108
143,0.4524890926396464,71.82803953147186
144,-0.4059417271884834,24.42864077744712
145,0.7863279621089762,78.26268712988713
146,-1.432735489934108,-11.499552574281111
147,-1.0455245570694658,-4.206978918937967
148,0.16155926723816796,56.40395095682167
149,1.8831506970562544,133.66072769844544
150,0.8416312640736364,97.57214046305025
151,2.6962240525635797,179.62426205358418
152,0.6140793703460803,79.84548586615027
153,1.3599485416794843,105.9644166190958
154,-0.3091144447717088,19.075917112133187
155,-0.5693120534701851,27.287224639668462
156,-1.2704849984857336,-28.45240395667291
157,-0.057469518465394644,38.842621978776876
158,1.1002843382203737,88.00190403436082
159,-2.655619092974933,-70.95011823870797
160,-1.3322116545945017,-10.816903491890237
161,2.759355114021582,174.61989027464267
162,1.117016288095853,98.82286248125372
163,-0.7333128075836657,13.638416612781127
164,-0.05858655113386085,50.34039941413607
165,0.6081564276006415,93.80767311181512
166,-1.6760038063299767,-32.715135672655066
167,0.7666631816450861,90.28603349401811
168,0.5672902778526694,79.02067283625564
169,-0.6872990371566635,-6.6763902186612505
170,0.06485610634357618,44.218724969138265
171,-2.201441285500558,-82.07300789493213
172,-0.07785475594085076,28.050830100078787
173,0.40746183624111043,35.0229423294097
174,0.7849575212405001,84.99986841217387
175,-0.2226751005151545,41.489764460439574
176,-1.4219198716404369,-18.174761722426396
177,-0.907300121525327,4.308474534157761
178,2.16323594928069,170.09868653105775
179,0.17879286573317985,30.47461109828688
180,0.640131526097592,82.94407451940351
181,0.37005588784751875,64.84502614074579
182,-0.6840108977372166,17.852676291475746
183,0.05157494276988904,48.05147008863505
184,-0.24945858016094885,34.22038282397064
185,0.18877859679382855,38.58933247343137
186,1.1880297923523018,102.24073414433322
187,-0.6579510447611686,8.487996048309805
188,0.5270042084546597,86.49645768074744
189,0.6051200840821667,73.04492399163242
190,-0.667712720570559,11.085678520180691
191,0.32486961579618606,56.761115253116245
192,-2.2396040586617367,-58.66761107302142
193,-0.4060717962598319,36.71828722729727
194,-0.11477532477079817,32.890884874639156
195,-0.5757879698130661,11.700289432414511
196,0.4032645401632468,73.46000216315937
197,1.3014280716647608,118.71330921937408
198,1.7549861537420586,125.37286031668383
199,-1.1476109448431353,-5.7926191563932035
200,0.0674922572408068,53.2947034323972
201,-1.9686246897860202,-42.977833753958365
202,-1.0930615087305058,-24.39978783795955
203,0.3269625954044574,47.92190702682235
204,-0.6600563201340829,0.0876770071562909
205,-0.1715463312222481,33.82868136625846
206,-0.8000824760846013,9.54636727061815
207,-0.045703960660234855,43.648001470624735
208,-0.0722870075600049,53.28036057464643
209,-0.8791606288350748,-17.82338393629925
210,0.7199837301431654,78.56930113393013
211,0.2711701846373109,78.03881032776272
212,-0.3615992807816198,2.818551676689875
213,0.9492464735582357,102.73043118290845
214,1.3709890062911214,108.66107874240856
215,0.7966721083646714,75.80450607786817
216,-1.2845522979925272,-40.91273599297293
217,-2.2555642294021894,-61.60353634694177
218,-1.0068317522989838,4.124330356670098
219,-0.15277442354540868,37.15102564526476
220,0.5822245913979243,74.16768365908642
221,-0.2224770102429203,30.65916796529126
222,-0.6319037580051673,-6.10497745017727
223,0.30198921035755294,63.76773439683562
224,-1.2630683491022754,-1.176510113435917
225,-0.41361898075974735,29.116358236426606
226,0.4631303293186071,75.08428291617044
227,0.19429293804577166,59.76940107215972
228,0.011498899870062375,53.7576664501852
229,-0.2977908794017283,22.760424724783025
230,1.8492637284793418,141.52717304310585
231,1.8495912466796365,144.66455656810598
232,0.33003511451031164,52.57444897599878
233,-0.507517601657357,17.077055946174006
234,-1.0974966547702447,1.8420007783931762
235,0.2842796708072146,48.68244777501502
236,0.26990435494076137,58.00981371240509
237,-0.4668455460527625,5.194387066054883
238,0.14195316332077967,71.45888656658568
239,0.8689634868967954,83.10825014354498
240,1.133079879559722,95.85583052871469
241,0.49383677628095635,51.02193508586522
242,0.2656879749662359,75.30884245646264
243,-0.5028167006425383,1.1631175219849084
244,0.23218103620027578,42.693697224043945
245,0.9060446582753853,92.57557600938739
246,-1.7423561978092306,-29.667100320531507
247,0.06326199420033171,56.64503483070611
248,0.2256086544711038,56.137816741694536
249,0.45093446180591484,62.1283367600941
250,-2.8345545052747023,-93.76020154219171
251,0.7726948371023817,69.43726270255317
252,-3.0461430547999266,-91.57407001222771
253,-2.5591846663440965,-89.44355064621698
254,-0.5142339659399888,15.820630555723822
255,1.3749640663929898,122.13379475378825
256,-0.3702424407043429,23.437731951924857
257,-1.1268258087567435,-14.600738428621828
258,-0.5394546333745014,26.843117354263914
259,-2.01640662779976,-65.87409995467151
260,0.24078750974193844,47.667431899181835
261,-0.5324899192090677,17.090111147337034
262,-0.5812684768603252,7.811295858894644
263,-0.4438360931551978,24.947829118980643
264,0.3283012950007554,60.495138337156824
265,-0.7826291558275251,-0.3841467587165406
266,-1.7776669547337063,-26.33407051089616
267,-1.0180418752873648,-3.6646671507072432
268,-1.0452533661469547,-13.510461315643798
269,0.6845011068591904,68.01817827460775
270,0.47043314484648185,57.00938307068532
271,0.6103793791072052,84.68575708693152
272,-0.3820254489503836,36.336314605158584
273,-0.9327890415064383,10.988269496001928
274,0.00377088908626934,30.654577046248768
275,0.37923553353558676,46.424813926488
276,1.0996595958871132,105.42638910516958
277,0.3990463456401302,56.22397789356854
278,0.4960009463439622,59.51453331117054
279,-1.5415873996717875,-33.22958711836672
280,-0.27567053456055696,17.877935460506066
281,-0.1016972745548716,38.72468230985087
282,0.4574156062209908,71.48706651765673
283,-1.3833639553950554,-31.22613271496865
284,0.9101789080925919,92.71494950415779
285,-0.40630313044506255,14.110673660755106
286,0.690429024383049,81.63581647767987
287,0.43904295767204254,70.68066073330448
288,0.8568306119026912,86.02843370954955
289,1.0963468456657985,101.36291269454209
290,1.3124703671409963,102.57421679947664
291,-0.39727181432879766,18.87590079866687
292,0.44103290727315136,54.90111798926658
293,1.412327706037443,89.74259016848274
294,0.663258089679174,76.69604242222357
295,0.39009332268792646,61.41644256254283
296,1.126635922106507,113.22874773795208
297,-0.0616264020956474,40.51530793359954
298,1.4944845444913688,126.80964094365184
299,-0.05256729626954629,20.9672252628036
300,-0.8589723884443423,12.677746970157477
301,0.8145198224878663,90.48657193061929
302,-0.14357951171632055,32.225108447497
303,-0.659891729729498,28.027873334320134
304,-0.017020413861440594,48.03593366526761
305,-0.65240858238702,16.520212133683735
306,-0.761573388256559,0.3087471379526674
307,-0.8781903428100731,1.0938904323377088
308,-0.34624944764730997,32.45506118210493
309,-0.9127834941352918,6.998667302889062
310,0.4393917012645369,79.61126206615874
311,-0.4246633024328657,16.242569993801055
312,0.4064154936762062,77.78893833628038
313,1.9979560797500047,124.45199207306365
314,0.045134015432010274,62.80478244897746
315,-1.3533888581477134,-26.40001890358384
316,-0.8570781886711647,-17.179276300184014
317,0.024612125247911617,54.23141227374929
318,1.327782695957983,98.66339234690763
319,0.4986902749098275,81.44280582991172
320,1.3018462295649984,123.96548104905348
321,0.016338084112892493,33.97977917754083
322,-0.34796185592084583,43.41096339046111
323,-1.466424327802514,-29.815850980126626
324,0.6203582983435125,74.96799872475776
325,-1.0770990694039948,-26.382003342398345
326,-0.7196043885517929,8.851615782679314
327,-1.0326431018921296,3.7357233927471505
328,0.8203217972614217,79.09212913049701
329,0.3114470715541555,58.53066779801994
330,2.0210435614847975,159.96908392413633
331,0.2053325637779597,67.95641445725481
332,-1.2986867221630902,-13.93425299032457
333,2.303916697683942,162.62741333138808
334,0.34816923524180865,50.00048778342163
335,0.021062021342063624,52.4484095144404
336,1.265077838088766,103.84460242531827
337,0.175818953296028,37.84840168542136
338,-0.9327409107943778,3.52783826467628
339,0.6937731526901325,85.27083006233929
340,0.6450552734598769,60.35479850396541
341,0.050954277011289496,38.217529107322825
342,-1.8180776303835695,-46.78667829653779
343,0.2205076557571733,60.10124877721243
344,0.9971179807917595,99.57281438168567
345,1.9229420264803847,148.787295347302
346,-0.8909150829955279,4.972678138609693
347,0.5289436184165822,60.24075462246973
348,-1.4059629162678993,-29.514562000572635
349,-1.217938511593151,4.03059760727032
350,0.7858038268311726,87.69322873704704
351,-0.7047002758562337,13.827882463337819
352,-1.4449401990733717,-12.409592785846844
353,-0.3655510899860373,29.193068549497617
354,0.5407735853003902,61.842559294303214
355,-1.0600158227215473,-3.3715988231223726
356,-0.6945678597313655,2.1564119589982305
357,-1.3159074105115212,-9.445154870414106
358,1.5182611703557054,108.25853402609893
359,1.3191368763015756,103.12020566876058
360,-0.4607197873885533,24.554616159678485
361,1.5692596145359043,119.76606906663815
362,-0.4243176209779015,17.468290951185036
363,1.0813760344581897,96.13544753468933
364,-0.10730527629117469,35.99497944708033
365,-0.024326124398935636,47.45812648102245
366,1.2111452896827009,106.83881792252924
367,-0.11747454641811148,29.123663398689672
368,0.9380925409056455,75.34357678149588
369,-1.6020576556067476,-36.53662285730603
370,0.32962298212773805,53.56261145296202
371,0.36448124924050557,78.16509221880088
372,-0.01568211160255477,45.20837416205933
373,1.4111720638896117,129.55190129755843
374,-1.1573552591908536,-10.64061886201086
375,1.6819217400731377,130.87006192399485
376,-0.5963140384505081,31.076428257741387
377,-0.44816536268070806,19.44242342104241
378,1.6709430327888573,125.22612924688909
379,-0.05535254802238957,39.46302060668105
380,0.3960067126616453,51.04448709074302
381,-0.6006575576577885,20.252514467187147
382,0.41540062617112683,59.01211128464669
383,0.9444794869904138,96.14536325352897
384,1.0791947281124892,95.70803717009518
385,0.5765908166149409,67.46788544995117
386,-0.5525406734167292,11.618576430771629
387,-0.8565493082342095,12.407156620263494
388,0.6898181645347884,58.652300850636365
389,-0.4223148241252707,17.519421097317547
390,0.24614778868484416,44.94631257449234
391,1.15233156478312,106.71975504943511
392,1.9559123082506942,146.6762574282802
393,-0.1550100930908342,45.81666834174425
394,-1.1183119243216322,-11.162633617580738
395,1.0819352184772653,109.7633392531381
396,-0.014857703354702717,43.14939780078855
397,0.3791517355550818,65.18529478862307
398,1.6961815728281606,125.16625669712366
399,0.5640085350738091,76.70735970714193
400,-1.1158969859603944,-26.81711294867263
401,0.04949498165009074,50.33723521606297
402,-1.5023965693817127,-16.93828095281605
403,-0.40403229385093714,22.86447786965138
404,0.4160500462614255,42.894974363308776
405,-1.6324233020679833,-27.43548667822904
406,1.5199948607657727,114.90601878794908
407,1.6692508063769687,133.08283407147263
408,0.9295051114795281,95.24766597119779
409,0.5238910238342056,64.13370335480714
410,1.285984007080293,112.91965119892406
411,-1.1838806401933177,-28.28533585932357
412,-0.3108861716984717,31.60199600288174
413,2.011256681463137,133.38066509442257
414,-0.37514711666128386,37.857145703151275
415,-1.550429345083481,-26.76449940323752
416,1.0777438059762627,88.09453921606021
417,0.7243685048699644,59.761661258028354
418,0.2280533251240672,44.549805588033124
419,1.3675972398067135,105.6438407808544
420,-0.2675947462353477,37.93592817992818
421,1.4333525028819918,116.7578802418888
422,-0.13370155966843916,31.42083010423015
423,0.4453932508947973,64.69025790682366
424,-1.0003303489537054,-22.343085791703892
425,0.3148172045158238,59.953403323231164
426,-0.24133779145310455,30.604101883298014
427,-0.7075056975105769,15.782986198690233
428,0.49374177734918845,86.89849816035209
429,1.3264616423656934,107.46483962237082
430,-0.8376780419079453,-0.9886584490323331
431,-0.8402903954793065,9.2081458138443
432,-1.1561824318219127,1.5022307154580332
433,-0.23110160759299653,25.268006218791147
434,1.3250140528868153,105.56278473443983
435,-2.0699850250135325,-52.700784600580015
436,-0.8034096641738411,4.027402693927508
437,-0.04932407014757259,32.575656078102796
438,-0.13594970067832082,11.43077970709307
439,-0.11816404512856976,31.89684624470575
440,1.2978252669735855,109.08016038339751
441,0.2745163577239395,61.944050237449524
442,0.19796728994496746,72.90310769833181
443,-0.38464542314251776,36.540101823246786
444,0.698457149107336,70.69501664445929
445,0.7553956956633383,85.61043585718913
446,-0.11610393903436653,31.186941050605455
447,-0.8824188185499185,0.38179479990072385
448,0.6947491436560059,77.88591424652502
449,-0.20690367616397173,34.66282471485662
450,2.1321534105704436,139.5643631163191
451,2.497200391587007,171.31677191697125
452,-1.016738648609769,-9.633773024250367
453,0.8299861590811032,95.42155006711317
454,-0.7922866618061449,13.118518518639966
455,0.22558166356880352,55.14129285537079
456,-0.8541612608143545,-2.616312448573229
457,0.09632135592119682,43.916305794027146
458,1.1173053155366646,108.14667192376425
459,1.7195893074161945,116.28717305137693
460,0.349654456993174,82.90062264150448
461,-0.3090129690471222,23.761416412829817
462,0.947251967773748,89.67790043879748
463,-1.17312340511416,-4.908345566210471
464,-0.461584604814709,27.666335567444342
465,0.27992459904323824,74.79433141665723
466,-0.6510255933001469,-7.3677276332730415
467,-1.7685384506770307,-36.50038087987627
468,0.13768982590334733,50.005949494282945
469,-0.46886418796679563,43.059776126064016
470,-0.2680033709513804,38.27822614549443
471,-0.5102927396336285,15.523187401132276
472,-0.07480498268034107,42.83120716542815
473,-0.6564636749715315,16.537454737994125
474,-0.8589199078076716,7.553226466531889
475,-1.6606998118692633,-49.82686138052953
476,-0.237921729736007,15.277483655845046
477,0.5213037482757137,70.4568563527012
478,-1.0002153473895647,-24.906300012480198
479,0.09945445703071175,56.2280743184406
480,-1.5706234086334527,-53.213817449895075
481,-0.044595426455857026,50.0058453579046
482,1.0289354925948542,118.38554204559847
483,0.9387468756823101,71.7392486251868
484,0.8656529228158533,77.5549717126056
485,0.21950955579304526,55.47097028820049
486,-1.6169560443108344,-27.5582866299934
487,2.1167910214836754,148.95433786514965
488,0.3562928174722889,60.2287871458933
489,0.09419230031014657,64.53090708239341
490,2.3807453512197503,166.41799493974375
491,0.022959755607951444,35.611088516747834
492,-1.1280113314700069,0.6518081435027732
493,-1.0612222874459092,4.6386065584028575
494,1.1541840304940192,101.93641815067086
495,0.6705704503109099,87.02482433405031
496,0.7539914669784796,78.10843147429746
497,-0.8602624519575188,2.0219288008729532
498,1.8675589604265699,133.50542954503436
499,-0.4980324506923049,13.289772928767926
500,-0.026192237344250482,46.8660016057797
501,0.03700572191014953,56.82841666653295
502,-2.2886200400145285,-60.38395947459774
503,-0.8133642592042029,18.348678368379865
504,-1.0799315083634233,-3.499640024924706
505,0.3187276529430212,68.7721523797003
506,-0.09038200727694681,49.582868990355976
507,-0.9880019424937344,-0.5765418669026787
508,0.553132064207584,68.74798026024678
509,-0.3646935443916854,49.57059629937439
510,0.8126740421090424,83.09205280533057
511,-0.061638052172214755,38.60015046280363
512,0.8005648034309968,89.21096065685873
513,-0.45380404105200106,28.863709927856316
514,-0.9931236109295807,-0.5587353515435036
515,-0.26773353689396645,35.91145885192464
516,-0.2918373627478628,10.188014732015514
517,-0.06824160532463124,44.57298584507963
518,-0.5973160689653627,29.51066367130246
519,-0.35343174875719907,17.70601449469073
520,1.1368913626026953,104.7069125862146
521,-0.13190863977996706,33.77918402862038
522,1.738872677454511,120.46982578614761
523,1.0170209914132446,89.37924811232925
524,1.6595507961898721,122.03267704988887
525,-1.3183958696447342,-28.489686064613032
526,-0.3909533751876011,36.86642436936697
527,-1.6326345262344952,-45.59614158068654
528,1.4013448312919596,94.55524487567405
529,0.030601824338517807,51.09438482369431
530,-0.7946363210714987,7.025658711242178
531,-1.188859257784029,8.710951434345581
532,1.5927707544174836,137.35631514107047
533,0.9943943913154989,93.74034398282217
534,2.594424587768152,168.5667269620913
535,-2.3205942757907416,-64.41449872934696
536,-0.3820089555778202,29.858782821564592
537,1.7123052213432965,133.31199838972623
538,-0.07466797825114957,29.521674172472533
539,-0.6493379277303881,23.869670100912984
540,0.1993001968964652,58.48510360040766
541,1.0156652815421012,105.35444663159225
542,-0.417477349885034,24.042883965670242
543,-0.5457119740177824,-3.5459248440154667
544,0.8924738873315303,94.79959909514817
545,-0.5327027919795545,24.54434873180122
546,-0.8935744023141913,-17.509907712575387
547,-0.7931173627076716,-8.088719404423223
548,-0.3994490292628752,23.52306013636415
549,-0.32566946882017417,31.344509355497472
550,-1.6812182154944335,-16.064758463099597
551,1.0907497344345,74.51374037734037
552,-0.21673147057553863,21.70698048922785
553,-0.6894491845499376,-1.8827636807008723
554,-0.11048940506592783,58.02339808765642
555,0.005292646299360854,33.84098891887311
556,0.3708250012811021,69.87578151317652
557,-1.4912575927056055,-41.13119796048424
558,-0.4635959746460942,24.493068815607604
559,0.766919669661199,93.5182927365789
560,0.052165079260974405,44.508832785629124
561,0.1565065379653756,33.63668122615149
562,-0.056133020448757114,50.09762897170481
563,0.4768983689222224,75.8103754495263
564,0.02033418170524325,29.374823856289815
565,0.010349314566299353,53.95885405053899
566,-0.5068163542986875,9.087179002437871
567,-0.5352701645328445,3.6608958706056978
568,-0.30496363785442043,25.48590966084143
569,0.28912050527881217,54.1769116645602
570,0.5829536797532936,62.3063641068837
571,-1.7913275480411837,-45.57435494139372
572,0.339964983801262,54.40759956982443
573,0.3169426119248496,51.76759298937548
574,-0.06548837514448298,41.51711068374916
575,-0.34994336458910474,45.49485564676843
576,-0.11054065723247261,28.227276131256726
577,0.012231983638817386,57.38565088027042
578,2.259308950690852,138.08450877212803
579,-0.8157915419939713,17.568780179447828
580,-0.19839889682004574,29.65271906004338
581,-0.03509517686967038,54.954659885082314
582,1.0653154920979948,96.07636984218647
583,-0.03424228053195387,39.79260430653518
584,0.8625960113284511,93.53320126872565
585,0.4183980113091925,80.36351701868276
586,-0.8877801366359354,3.8160675922430283
587,-0.04140081155796743,32.78901262986231
588,1.5133280825732052,118.50760379647
589,-0.9456157955562914,-13.611708327969167
590,-0.03576807186022113,10.261223258830142
591,-0.22425893425164034,27.827304648910072
592,-2.245321648371402,-57.31781528714214
593,-1.3780834670640771,-25.872705898608952
594,-0.25957698183403943,39.79425646545898
595,-0.8887202573536308,0.7930116490113239
596,-0.7657021944780863,-1.759899101260288
597,-1.6567151023219537,-12.324548423125364
598,-0.2868871923899076,12.13288024483695
599,2.3466470305265617,164.76635788707856
600,-2.36417381714118,-55.96697082606235
601,-1.188944955203736,-13.192967140142224
602,0.29673317249411335,75.2038384357695
603,0.16422775548733395,47.969604211908155
604,2.2567234972982093,161.09115406023255
605,-0.7255973784635843,16.523498467284035
606,0.3658487879168582,66.54852100288352
607,-1.1474686524111024,4.4514361269635465
608,0.9432607249694948,93.17358990439914
609,-1.2140774030941206,-12.752799246844129
610,-2.5827966329699446,-87.18012905733148
611,0.37687652085089274,65.03348393019778
612,-2.0946030712061448,-58.7206401710713
613,1.3891453156779274,112.66553282625495
614,0.7200337593416528,81.18117637293172
615,-0.6313759884493888,16.611173436699175
616,-0.2764328450158372,28.198983015429633
617,1.5430145954067358,123.48385571995935
618,0.3036039044620014,50.92686454051824
619,-1.6164741886510325,-33.63501120255023
620,0.3960865849565602,85.38289709852671
621,-0.9087632459590531,1.296273307086706
622,0.6168865543932788,66.41410632440962
623,-0.05008409428482209,53.804874746843225
624,0.6433144650629279,76.03206934058895
625,-0.898942156465536,0.2582278071190305
626,0.28634368889227957,61.94879221725758
627,-0.5543096265713009,25.828164438383688
628,-0.02342310502145217,50.51842132230163
629,1.4805147914344243,116.28173150132098
630,0.8635196583813146,85.30158826528579
631,-0.3854897603756083,24.606669854164885
632,-1.226196191783019,-25.831060357939304
633,-0.2616454457109007,25.12132602180636
634,0.9430460873225178,84.25787808882204
635,1.3645318481024713,108.49210173059474
636,-0.6801782039968504,3.0075244736909115
637,-0.3698011663038032,22.103555167463064
638,-1.3479254226291204,-23.141083478970977
639,1.011842432994189,99.12939563677887
640,-0.2420198298702195,27.162746625019572
641,0.2098494779230553,55.13935107834292
642,-1.6388073071221778,-22.58344658410411
643,-0.7699160744453164,10.849008149047503
644,0.08842208704466141,51.32483139123898
645,-0.5992242774597194,3.496164115862255
646,-2.2234031522244266,-60.484109590947575
647,0.298238174206056,64.74601504707599
648,0.43310795315134365,71.3658850791801
649,0.008627898917576322,46.792651168421784
650,1.5363770542457977,126.38520052692851
651,-1.9457030831639588,-36.168683990332035
652,-0.22260568094832048,40.0966542312424
653,-1.225435518830168,-7.32226519102475
654,0.2238435633129107,49.52578321740759
655,-0.011145611841841251,36.338700687620275
656,0.7316589270303925,82.74429797258763
657,-1.1776289624826308,-24.52883443884907
658,0.9364457258311158,95.37695448767286
659,2.1338682472045374,133.45388107418228
660,-0.85172919725359,1.5008061819633982
661,1.264983329856256,108.19203574617563
662,-1.5669947108616025,-30.82662296326776
663,-0.8299645975379619,-8.138236808115291
664,-0.9474885949068795,19.1482341396702
665,0.3087512418366131,53.182237736747375
666,-0.1931767015498399,33.565486560432674
667,1.021790585588673,90.47881855563924
668,0.8443629764015471,93.12856451116173
669,-1.2085736537332212,2.6846506481610426
670,1.2433193844551549,98.94966762237567
671,-0.13105401154141233,41.124263181428915
672,0.251484415021537,38.98527934221937
673,-0.5211893123011109,16.532641627078966
674,-0.4810271184607877,23.49304951165343
675,0.31721821519130206,53.77280620055822
676,-0.18224478378994294,31.344040297096498
677,-0.43515355172163744,19.90366889334202
678,-0.7905230218330772,-1.8953613612150608
679,0.21149701273187801,54.302801422926166
680,-1.3597807255038137,-14.1818828751405
681,-0.8031413873416283,4.708168795234444
682,-0.8174930976162265,9.294848612225351
683,-0.1162297003871491,45.14914665070483
684,-0.47965581400794766,24.630959212021395
685,2.225944331738259,139.8832470192828
686,-0.14963454032767076,57.06875649770683
687,-0.7496903447028966,7.084123349199602
688,-0.10128148621739935,27.03932055991357
689,-0.8076484876163557,19.937283070341493
690,0.2843145189979445,70.72742785346378
691,-0.9130792180417964,8.42806705313403
692,-2.7396771671895563,-110.41022864266898
693,-1.0431294980353556,-15.527779510775627
694,1.034409886481518,88.83072124334934
695,0.35548179274376907,52.362753303586615
696,-0.764143923906443,0.02327729230205744
697,-0.1576670161638159,31.541287524194185
698,0.9424681192203938,96.39059640950994
699,-0.29039710080386677,38.24622446761969
700,-0.8871809418450403,2.9207985010903905
701,1.5522431800485608,115.94593309217531
702,-2.0473236130579617,-55.70186708953678
703,0.8579239242923363,67.06940660445144
704,-0.45338580385138766,30.783306289432947
705,-1.567767724308454,-31.16106185719418
706,0.9853175089398669,96.81806234505265
707,-0.5911831037644297,-8.14170862803244
708,-0.37914756287992274,26.083782486163305
709,-0.08837552319915497,45.826746921913866
710,0.4173188210318355,49.6262566760107
711,1.1813786012882859,113.61693155708694
712,-1.1029062129553697,8.092794855032007
713,1.658130679618188,127.62747697443777
714,-1.3032427541123157,-10.999701104007148
715,1.1149623229474022,92.37006588662862
716,0.05989468311627605,67.10628500736561
717,0.8215857120497958,87.47910173359723
718,0.4014990550902875,46.63349516949363
719,0.7471883342046318,79.80429695735052
720,2.4124536795437486,162.43977685570943
721,-0.7049213525074449,16.025434563196228
722,-1.0225068436356035,-4.5922567498132265
723,0.7557402888945426,87.01845644747067
724,0.9494208069257608,92.21036135060152
725,1.0781973037142378,84.0863811357201
726,0.5785214977288784,49.61390753667341
727,-0.8889713580954499,-2.343409549470126
728,-0.53913263675299,25.11677462282011
729,-1.1401963009349616,-11.099025621985248
730,0.27687190584612803,44.84521378798556
731,0.03183055827435118,48.93610144706391
732,-0.6743326606573761,12.36394128225859
733,-0.35811407547985674,35.35309510450233
734,0.18949963754791346,44.663155362426615
735,-0.7474548114407578,12.108606743631242
736,-1.34841308775612,-27.157677508696356
737,0.6663830820319143,74.66667554911622
738,-0.7994223995430966,5.239504047006651
739,1.336527949436392,95.46263539176215
740,1.4713219561423383,124.68159134798566
741,-0.8047537406378693,16.202913508427052
742,0.21496559062609352,52.50448549877107
743,0.23958275985639133,50.55890953990147
744,0.5072389511096153,58.02984984081977
745,0.30833124595934525,78.07005060249242
746,-0.6963266538610828,11.83426968745806
747,0.4047618120404975,62.78780268286567
748,-1.82425665593783,-50.66039155734143
749,-1.1043833394284506,-3.455498745297576
750,0.3517801106813583,48.7062520256384
751,-0.9191134448699437,5.057172783088938
752,-0.960504381633148,-11.844138899749272
753,-1.051880102551674,-12.77521255198063
754,0.5232766605317537,64.44876667430715
755,0.24444345596163258,60.71329565895973
756,-0.042171451290578935,34.73673776154265
757,-0.4990166379941829,38.90220478021193
758,0.019279384513077216,48.462422908685056
759,-0.3007838764760271,22.495721415787294
760,-0.30676577602700456,32.03171370285746
761,-0.7614922118116233,5.195340601607633
762,-0.43918952180214793,18.73092821482238
763,1.9100649530990337,161.60193060249975
764,-0.6780954607862469,9.735783347900735
765,-0.49610233398256237,30.25482834814214
766,-0.8612256850547025,7.952810268811152
767,0.08753147092167086,61.82295529524836
768,0.555786964082873,59.35640127436652
769,-0.5854312042777726,-2.8553770671902363
770,0.2524966270768724,50.72718803954294
771,0.23810314783231212,39.02699713897706
772,-0.2393791775759264,44.01267703535852
773,-0.2803554951845091,42.31072607063932
774,-1.4169061131262595,-13.553005135508977
775,0.20147994670443287,37.275206404840176
776,-0.9389815726777853,6.168443616124497
777,-0.7447548220484399,2.3259302453161492
778,-0.6780257815644504,15.031666124971672
779,-0.660608593976992,1.4331061890892656
780,-0.9301565025243212,-2.240223240003623
781,0.9409176145751134,94.38014142568383
782,1.068509399316009,89.68164123512027
783,0.8202478373246812,89.01079371571628
784,-0.35399391125348395,9.058402466235137
785,0.6774621693464117,66.66498867114444
786,1.67398570701071,122.09614005602319
787,-0.7199405321418947,22.736017638179717
788,0.27560067398405635,65.85857566040235
789,1.3263858966870303,98.73030830316574
790,-1.3477590611424464,-31.735672077473055
791,-1.1680934977411974,-3.970078146192799
792,1.2978457906510987,108.09657672056436
793,0.25871644022974605,48.32102627502402
794,-1.6882300277714322,-43.22372782441175
795,-0.17858909208732915,37.489739937035154
796,0.7679024077327037,62.15069170575481
797,-0.6579260925367952,-1.2082148006326214
798,-0.31754309393019925,30.49664976622637
799,0.44971210023199254,61.83114417214903
800,1.0294388287827672,88.44240129501166
801,-0.7380309092056887,15.239581757153017
802,-1.3707599825430605,-35.436786824721516
803,-0.17531640232701995,32.53108132243713
804,-0.7306777528648248,4.731519266819555
805,1.6815767162673276,130.8220179625443
806,0.26705086934918293,58.08221753553852
807,-0.49331988336219407,18.409326851990674
808,0.920858823780819,99.10288455451784
809,0.9367424635352571,113.00423070972494
810,0.05182038948242156,71.398315213019
811,0.2242522209656819,67.3278327491739
812,0.09740016626878341,46.54283041777758
813,0.2869044880033464,75.6055449353651
814,1.7327211869191332,117.35046050411778
815,0.46838523427705164,72.53773456881281
816,-0.3030982534240727,24.19041573308551
817,-0.30224973045507003,35.89079996354839
818,-1.506998398214272,-36.65813692049618
819,-0.45553250351734315,29.47525574349889
820,0.11514787314009216,54.20137362966661
821,0.9363985435524596,98.33754670922985
822,-0.757870860425166,8.323559980383694
823,-1.139802455426774,9.279338405698514
824,0.5210648764527586,65.96704621630849
825,0.6071116719160459,84.7580688059957
826,1.0304382674156047,90.33088241846382
827,0.0330897511387602,48.10171528462418
828,-0.25857263167677125,20.68103710686274
829,-0.7395629963913133,9.14464425812392
830,-0.6677202863593994,4.79171385957433
831,-1.951804101481602,-58.23703525729278
832,0.1903115575939397,54.26291822649039
833,0.03976673458649517,27.448426621108982
834,-0.4513030371025261,33.26851386559231
835,0.5392491912918173,63.34971637311298
836,-0.9180047698190454,2.697091764335661
837,-0.06713415461452177,39.31386198193203
838,0.09789614541262709,53.786492796623236
839,-1.3342584714027534,-15.441684883286953
840,-0.955945000492777,3.171339238190125
841,0.6993804835878171,72.10582769687346
842,0.10471402943328433,59.65741161816233
843,0.7231004937377982,80.38127696427202
844,1.1285940645145685,96.7121565111646
845,-0.8974009269018305,-16.492379123344392
846,0.094351589317074,48.3854594222438
847,0.9304084961111163,99.46819800818405
848,-0.5316059080114549,10.334526664972456
849,-0.39238899814963674,24.536417495950033
850,-0.9872866934576524,1.7624880462992873
851,0.025405208385016018,46.99118417481005
852,0.16392857245258663,56.224551704788944
853,1.0645851361278518,117.68700294021151
854,1.9436211856492926,154.46880979245807
855,-1.0299352833089765,-6.727008022863566
856,-0.8129929885540773,-4.706755300802847
857,-0.5256405931019397,28.06215184831806
858,0.9725357891425369,78.77750096786355
859,-0.3122922511256933,21.48399775198441
860,0.852551939461232,86.45101341046647
861,-0.19065349358139935,30.198414873403557
862,-0.10434349149469264,56.97835801678465
863,-0.001385042735095726,42.79407958961933
864,0.6088438344754508,74.17688745333844
865,-0.21416665620008424,28.433157087516527
866,-0.4367483374580074,23.53931035203625
867,1.4893559620744803,140.98561436567005
868,0.31716062629268876,59.28990507928658
869,-0.4409226322925914,24.94524710929557
870,-0.6834397667886818,25.875186175414694
871,-1.0848560594614451,5.028260752285991
872,-0.6920498477843912,16.45178860539539
873,-0.4706376581547914,4.504749614514349
874,-1.2796891732042395,-34.678541520085645
875,-1.8430695501566485,-41.538632381256456
876,0.280441705316296,60.32457004001467
877,-0.6471814318477607,14.523745475833257
878,-0.8056265075393678,-19.96580041213997
879,-0.20694471055729102,44.76465046049064
880,-0.4103817936578706,24.196740671617196
881,-0.5053583172644099,26.850951073396523
882,-0.9128222254441586,7.321141659809402
883,0.0977249677148556,41.531580370903065
884,0.4026255311300352,90.03322492730797
885,0.19506969715138117,55.29138354069869
886,-0.40123470991118243,40.34378656418314
887,-0.6895497777502005,-3.4922663406910637
888,-0.9646120137337284,-1.8643706378844347
889,-1.775887999961829,-43.117615438966155
890,0.453781912635684,63.931861608413385
891,0.22246316400860677,36.42441378319652
892,-0.6878376110286823,4.376579410592429
893,-1.4377914738015785,-20.696637453797017
894,0.3872804753950634,70.1889965872121
895,-1.3467175057975553,-16.245162946192302
896,-0.6585529668050037,7.547571032925003
897,-0.5215796779933731,20.804350652525557
898,1.3290628465396823,114.15162023864723
899,0.4128708204461747,53.88866660524678
900,0.2348215259487319,47.0284411602547
901,0.42262862170882565,73.21745158265794
902,-1.4465346995633879,-39.62635812503019
903,0.5200406145708678,72.88717895916287
904,-0.6436184028328905,16.35156469101913
905,0.9606933984606597,82.23749165137205
906,-0.31665529505210693,26.40058238091958
907,-0.26393734859268786,22.796212205170978
908,0.2134800489101689,52.72937648481649
909,0.33890412521594454,61.668511617250964
910,0.09721923200291803,50.50711890411511
911,-0.11510746848722672,43.972096564555706
912,2.149574534867287,161.63191714891468
913,1.0479721559680528,80.10085203512462
914,0.9693967081580112,101.65501402834325
915,-0.9378802311514517,-5.8654273636498875
916,-0.635846078378881,13.460831638507143
917,-0.9855107376841507,-3.765182460423585
918,0.19655740072878491,46.242769751516036
919,0.895555985551324,92.568066049407
920,-0.20829875557799488,46.062441332487566
921,-1.3749512934180188,-12.923948635005456
922,0.587259379399826,76.88469906522164
923,0.0386305518401881,43.33564175733948
924,2.014060154918468,152.107813179436
925,0.6764332949464997,82.71200181503428
926,-1.184686590411552,-14.316394787339673
927,-2.0306844677814944,-52.400291634988676
928,0.38273243001226814,51.8024240516536
929,0.18392549434030994,61.689529965998446
930,1.1411018666575734,101.31196048669968
931,0.7811981017099934,90.23134342368168
932,0.14844958138007808,41.574965643933695
933,1.1244191845103682,89.25253956020816
934,0.2390336012467649,56.376945317440985
935,-1.8297404110045314,-54.49914898735703
936,0.8672766288084278,104.32991386519906
937,0.5290452383344316,35.73480383941157
938,-0.7097279658468882,12.582718557821769
939,3.1709747732901796,210.09661571293464
940,1.2980219723262212,110.01228198444218
941,0.4811151263888354,60.9648387519913
942,-0.5986539369229861,23.772774601287963
943,-0.9444462559182504,-5.1016937674178475
944,0.44819528442331247,79.13326854336346
945,-0.23421580134453654,31.243864062939128
946,-0.13298842230959199,51.72647516059644
947,0.14206180518723566,50.22718261148827
948,1.0946383747120914,91.90202974058221
949,-0.5175190425104033,27.675695157223796
950,0.8758327615873309,97.38013215517591
951,-1.6981058194322545,-35.09590952348507
952,0.2790957643924534,63.392676424218195
953,0.8024563957963952,84.15054634798578
954,-0.39121705217401626,17.343166338577614
955,0.0328087476137118,27.331395669660193
956,-0.39522898265435435,17.84243678128781
957,-1.4013472930393105,-24.817764217946248
958,-1.1791579306376878,-3.9148681289813947
959,-0.15602389099728736,40.521078326843494
960,0.09837790681547566,36.04641475449263
961,0.4980524046828567,79.40578111822158
962,-0.8264385386590144,4.825508557044207
963,-0.7621145119224981,3.5849614017463467
964,-0.3474506524985633,26.484778363651618
965,0.5433118913875197,86.66872745954635
966,1.3852615467222305,96.32487207765703
967,1.2248705641936597,100.92425523315038
968,0.07458640654355353,47.92907616741094
969,-0.5428614760167177,18.575439651761428
970,-0.11038929902688775,42.22339149186175
971,0.7732529774025997,89.46237599784483
972,0.8640523004976479,72.10617146881708
973,0.058925589181629955,37.32455061319313
974,0.22739277512112846,54.560876871807345
975,-0.20289684076666706,31.408838733083826
976,0.3547576931132181,69.98069301564021
977,-1.0546284639850139,9.812612345784238
978,1.7133427216493666,128.52445383180725
979,-1.3414967255830426,-9.226680214301833
980,0.1725044164928659,46.64209612420409
981,0.6552637307225978,90.07109157671613
982,0.18133842921782128,54.977236522530774
983,0.242117960985123,69.84686509835191
984,0.19275384906521617,64.07073007547861
985,-0.4779740040404867,26.509885939971085
986,-0.3638588099707899,31.048674812364183
987,-1.1539503636520094,-17.246358934360504
988,0.09395322938556872,46.582554221192915
989,-0.1595734381462669,28.198025842163776
990,-1.6786883628286566,-32.4719958020048
991,-0.79211502056515,5.007928139119646
992,-0.8483205228052325,-1.4641420842080226
993,-1.5447710967776116,-15.004476576150438
994,-2.77259275642665,-82.17002891148124
995,0.6769080350302455,87.66517676311369
996,-1.6429652935306092,-16.485013816202873
997,-0.8014968853943748,19.431550573873523
998,-0.9788298593587699,-1.047162527714355
999,-0.08593076697161273,35.9466647362711
